image_id,file_path,sha256,concept_id,split,subset_membership,caption,source,consent_or_license,notes
img_7833,data/raw/dog_plush/v1/train_pool/IMG_7833.jpeg,9ae0f242fc0983523f3f843df82abe661786abce3bb962d418a7430c8c7055a0,dog_plush,train_pool,,a photo of zzobj02 plush toy,self-captured,self-captured,
img_7835,data/raw/dog_plush/v1/train_pool/IMG_7835.jpeg,34a5f44972a961311ae77335af99e0a6a6713f8368061f979289a57295cf1211,dog_plush,train_pool,,a photo of zzobj02 plush toy,self-captured,self-captured,
img_7836,data/raw/dog_plush/v1/train_pool/IMG_7836.jpeg,10f35dfe64f9706feca8e8516ec0ab9254d081544c48ed361ca31e729d198c2f,dog_plush,train_pool,,a photo of zzobj02 plush toy,self-captured,self-captured,
img_7838,data/raw/dog_plush/v1/train_pool/IMG_7838.jpeg,b3e453d1ff9673e2aa2f9c84b5734030cfe662830478a35da125920855b841a5,dog_plush,train_pool,,a photo of zzobj02 plush toy,self-captured,self-captured,
img_7840,data/raw/dog_plush/v1/train_pool/IMG_7840.jpeg,b3b120700e5b1a13d945989e2b8f26aa9b2e84aef3caa17c6376c3bf14673b4f,dog_plush,train_pool,,a photo of zzobj02 plush toy,self-captured,self-captured,
img_7842,data/raw/dog_plush/v1/train_pool/IMG_7842.jpeg,643978df7388955859eea41acd3a6fd3add5cf336e36dac29e4832ad808d276b,dog_plush,train_pool,,a photo of zzobj02 plush toy,self-captured,self-captured,
img_7843,data/raw/dog_plush/v1/train_pool/IMG_7843.jpeg,28ba37ce009aadecc2af74b7bb210565efc9f227c9ee48ebc473247e006b3ef0,dog_plush,train_pool,,a photo of zzobj02 plush toy,self-captured,self-captured,
img_7845,data/raw/dog_plush/v1/train_pool/IMG_7845.jpeg,7d1e434152660cca69bbb34192cdd3363e46a70155faf0c97e4cce860f078c4a,dog_plush,train_pool,,a photo of zzobj02 plush toy,self-captured,self-captured,
img_7847,data/raw/dog_plush/v1/train_pool/IMG_7847.jpeg,f8d5ef756694679d22d7ee37bb1b2c89264e086702d2547d97c10f2c230235bf,dog_plush,train_pool,,a photo of zzobj02 plush toy,self-captured,self-captured,
img_7849,data/raw/dog_plush/v1/train_pool/IMG_7849.jpeg,c9de3e98e168646d5fc8491ab6594392ff619f1228e4d30b5233e8dbc456a050,dog_plush,train_pool,,a photo of zzobj02 plush toy,self-captured,self-captured,
img_7844,data/eval_refs/dog_plush/IMG_7844.jpeg,0126df90551d923fdba02b9c43c679724e1caa32bc47599d9f942a96ea3ee7e9,dog_plush,heldout,,,self-captured,self-captured,
img_7848,data/eval_refs/dog_plush/IMG_7848.jpeg,615d03ff30fcd0c746a37dc866b35f8e8b1d35d413f76c2e256ac2a933d4b9b4,dog_plush,heldout,,,self-captured,self-captured,
img_7851,data/eval_refs/dog_plush/IMG_7851.jpeg,fb18b98bf42edfd294a6cebae5c640f2f41ce555adfeed1a49961a490d29281e,dog_plush,heldout,,,self-captured,self-captured,
