run_id,generation_mode,concept_id,checkpoint_step,rank,data_size,expected_sample_count,observed_sample_count,missing_sample_count,invalid_sample_count,dino_mean,dino_sd,dino_sample_count,dino_missing_count,dino_invalid_count,clip_mean,clip_sd,clip_sample_count,clip_missing_count,clip_invalid_count
blue_white_vase_n10_r16_ts42,adapter,blue_white_vase,,16,10,32,32,0,32,,,0,32,32,,,0,32,32
blue_white_vase_n10_r16_ts42,base,blue_white_vase,,16,10,32,32,0,32,,,0,32,32,,,0,32,32
blue_white_vase_n1_r16_ts42,adapter,blue_white_vase,,16,1,32,32,0,0,0.21425121696665883,0.10222793228064699,32,0,0,0.25278362492099404,0.023940294127956688,32,0,0
blue_white_vase_n1_r16_ts42,base,blue_white_vase,,16,1,32,32,0,0,0.20682188461069018,0.10673454826703996,32,0,0,0.3209856580942869,0.023223395667878188,32,0,0
blue_white_vase_n3_r16_ts42,adapter,blue_white_vase,,16,3,32,32,0,0,0.49441209714859724,0.04080462120224344,32,0,0,0.2970477733761072,0.01894655110542665,32,0,0
blue_white_vase_n3_r16_ts42,base,blue_white_vase,,16,3,32,32,0,0,0.20682188461069018,0.10673454826703996,32,0,0,0.3209856580942869,0.023223395667878188,32,0,0
blue_white_vase_n5_r16_ts42,adapter,blue_white_vase,,16,5,32,32,0,0,0.5163991190493107,0.040372054868035336,32,0,0,0.2919887341558933,0.013374571033126708,32,0,0
blue_white_vase_n5_r16_ts42,base,blue_white_vase,,16,5,32,32,0,0,0.20682188461069018,0.10673454826703996,32,0,0,0.3209856580942869,0.023223395667878188,32,0,0
blue_white_vase_n5_r32_ts42,adapter,blue_white_vase,,32,5,32,32,0,0,0.5028823632746935,0.03698759017365137,32,0,0,0.2863502218388021,0.01647449812886136,32,0,0
blue_white_vase_n5_r32_ts42,base,blue_white_vase,,32,5,32,32,0,0,0.20682188461069018,0.10673454826703996,32,0,0,0.3209856580942869,0.023223395667878188,32,0,0
blue_white_vase_n5_r4_ts42,adapter,blue_white_vase,,4,5,32,32,0,0,0.41678300872445107,0.12946749715714148,32,0,0,0.29963670345023274,0.024208086388720424,32,0,0
blue_white_vase_n5_r4_ts42,base,blue_white_vase,,4,5,32,32,0,0,0.20682188461069018,0.10673454826703996,32,0,0,0.3209856580942869,0.023223395667878188,32,0,0
cat_mug_n10_r16_ts42,adapter,cat_mug,,16,10,32,32,0,32,,,0,32,32,,,0,32,32
cat_mug_n10_r16_ts42,base,cat_mug,,16,10,32,32,0,32,,,0,32,32,,,0,32,32
cat_mug_n1_r16_ts42,adapter,cat_mug,,16,1,32,32,0,0,0.48237181827425957,0.06406114905815552,32,0,0,0.2815247969701886,0.020750574260466587,32,0,0
cat_mug_n1_r16_ts42,base,cat_mug,,16,1,32,32,0,0,0.1340478343772702,0.06812203644393383,32,0,0,0.30710795102640986,0.03077776059181428,32,0,0
cat_mug_n3_r16_ts42,adapter,cat_mug,,16,3,32,32,0,0,0.5137517845723778,0.16066153654012866,32,0,0,0.2962601790204644,0.01842834635174233,32,0,0
cat_mug_n3_r16_ts42,base,cat_mug,,16,3,32,32,0,0,0.1340478343772702,0.06812203644393383,32,0,0,0.30710795102640986,0.03077776059181428,32,0,0
cat_mug_n5_r16_ts42,adapter,cat_mug,,16,5,32,32,0,0,0.5150878615677357,0.1489319705490701,32,0,0,0.29270104691386223,0.01807415164362523,32,0,0
cat_mug_n5_r16_ts42,base,cat_mug,,16,5,32,32,0,0,0.1340478343772702,0.06812203644393383,32,0,0,0.30710795102640986,0.03077776059181428,32,0,0
cat_mug_n5_r32_ts42,adapter,cat_mug,,32,5,32,32,0,0,0.6126382760703564,0.04424967540599808,32,0,0,0.2688096105121076,0.020884366029278928,32,0,0
cat_mug_n5_r32_ts42,base,cat_mug,,32,5,32,32,0,0,0.1340478343772702,0.06812203644393383,32,0,0,0.30710795102640986,0.03077776059181428,32,0,0
cat_mug_n5_r4_ts42,adapter,cat_mug,,4,5,32,32,0,0,0.4569303272292018,0.15029968641303634,32,0,0,0.29437064193189144,0.025509252560299008,32,0,0
cat_mug_n5_r4_ts42,base,cat_mug,,4,5,32,32,0,0,0.1340478343772702,0.06812203644393383,32,0,0,0.30710795102640986,0.03077776059181428,32,0,0
dog_plush_n10_r16_ts42,adapter,dog_plush,,16,10,32,32,0,32,,,0,32,32,,,0,32,32
dog_plush_n10_r16_ts42,base,dog_plush,,16,10,32,32,0,32,,,0,32,32,,,0,32,32
dog_plush_n1_r16_ts42,adapter,dog_plush,,16,1,32,32,0,0,0.19813080853782594,0.19356695307071986,32,0,0,0.2418061075732112,0.03516893957384245,32,0,0
dog_plush_n1_r16_ts42,base,dog_plush,,16,1,32,32,0,0,0.5429694270715117,0.13903613137463136,32,0,0,0.32150855008512735,0.018116849464843876,32,0,0
dog_plush_n3_r16_ts42,adapter,dog_plush,,16,3,32,32,0,0,0.6057587462710217,0.23332473612672333,32,0,0,0.3086036443710327,0.03864495078273198,32,0,0
dog_plush_n3_r16_ts42,base,dog_plush,,16,3,32,32,0,0,0.5429694270715117,0.13903613137463136,32,0,0,0.32150855008512735,0.018116849464843876,32,0,0
dog_plush_n5_r16_ts42,adapter,dog_plush,,16,5,32,32,0,0,0.44692929997108877,0.3127793619301262,32,0,0,0.28978215204551816,0.05018476562916868,32,0,0
dog_plush_n5_r16_ts42,base,dog_plush,,16,5,32,32,0,0,0.5429694270715117,0.13903613137463136,32,0,0,0.32150855008512735,0.018116849464843876,32,0,0
dog_plush_n5_r32_ts42,adapter,dog_plush,,32,5,32,32,0,0,0.5072847893461585,0.2919255481199626,32,0,0,0.2917718724347651,0.04671060949500633,32,0,0
dog_plush_n5_r32_ts42,base,dog_plush,,32,5,32,32,0,0,0.5429694270715117,0.13903613137463136,32,0,0,0.32150855008512735,0.018116849464843876,32,0,0
dog_plush_n5_r4_ts42,adapter,dog_plush,,4,5,32,32,0,0,0.4503186489455402,0.2959102572540013,32,0,0,0.30398446088656783,0.051265613611816675,32,0,0
dog_plush_n5_r4_ts42,base,dog_plush,,4,5,32,32,0,0,0.5429694270715117,0.13903613137463136,32,0,0,0.32150855008512735,0.018116849464843876,32,0,0
